#,,0=FMV,0=horizontal,,0=left,from left to right,,,,,,,,,,,,,,-1=no amp,-1=no amp,,,,,,,,,
#,,1=MRD,1=vertical,,1=right,from bottom to top,,,,,,,,,,,,,,,,,,,,,,,,
#,,,,,0=bottom,,,,,,,,,,,,,,,,,,,,,,,,,
#,,,,,1=top,,,,,,,,,,,,,,,,,,,,,,,,,
#,,,,,,,,,,,,,,,,,,,,,,,,,,,,,,
LEGEND_LINE,,,,,,,,,,,,,,,,,,,,,,,,,,,,,,
detector_num,channel_num,detector_system,orientation,layer,side,num,x_center,y_center,z_center,x_width,y_width,z_width,rack,TDC_slot,TDC_channel,discrim_slot,discrim_ch,patch_panel_row,patch_panel_col,amp_slot,amp_channel,hv_crate,hv_slot,hv_channel,nominal_HV,polarity,PMT_type,cable_label,paddle_label,notes
########################################
DATA_START,,,,,,,,,,,,,,,,,,,,,,,,,,,,,,
0,0,0,0,0,0,0,0,-198.699875,5.08,320,30.5,2,8,2,0,1,1,1,1,-1,-1,2,14,0,-1871,-1,EMI9815,MRD_x00_y00_z00,4SW,None
1,1,0,0,0,0,1,0,-167.999875,5.08,320,30.5,2,8,2,1,1,2,1,2,-1,-1,2,14,1,-1838,-1,EMI9815,MRD_x00_y01_z00,U39,None
2,2,0,0,0,0,2,0,-137.299875,5.08,320,30.5,2,8,2,2,1,3,1,3,-1,-1,2,14,2,-1793,-1,EMI9815,MRD_x00_y02_z00,U58 (or U38; bad writing),None
3,3,0,0,0,0,3,0,-106.599875,5.08,320,30.5,2,8,2,3,1,4,1,4,-1,-1,2,14,3,-1806,-1,EMI9815,MRD_x00_y03_z00,U29,None
4,4,0,0,0,0,4,0,-75.899875,5.08,320,30.5,2,8,2,4,1,5,1,5,-1,-1,2,14,4,-1865,-1,EMI9815,MRD_x00_y04_z00,14SW,None
5,5,0,0,0,0,5,0,-45.199875,5.08,320,30.5,2,8,2,5,1,6,1,6,-1,-1,2,14,5,-1823,-1,EMI9815,MRD_x00_y05_z00,Unknown4,None
6,6,0,0,0,0,6,0,-14.499875,5.08,320,30.5,2,8,2,6,1,7,1,7,-1,-1,2,14,6,-1798,-1,EMI9815,MRD_x00_y06_z00,U17,None
7,7,0,0,0,0,7,0,16.200125,5.08,320,30.5,2,8,2,7,1,8,1,8,-1,-1,2,14,7,-1823,-1,EMI9815,MRD_x00_y07_z00,11SE,None
8,8,0,0,0,0,8,0,46.900125,5.08,320,30.5,2,8,2,8,1,9,1,9,-1,-1,2,14,8,-1871,-1,EMI9815,MRD_x00_y08_z00,18SE,None
9,9,0,0,0,0,9,0,77.600125,5.08,320,30.5,2,8,2,9,1,10,1,10,-1,-1,2,14,9,-1836,-1,EMI9815,MRD_x00_y09_z00,21SW,None
10,10,0,0,0,0,10,0,108.300125,5.08,320,30.5,2,8,2,10,1,11,1,11,-1,-1,2,14,10,-1814,-1,EMI9815,MRD_x00_y10_z00,3SE,None
11,11,0,0,0,0,11,0,139.000125,5.08,320,30.5,2,8,2,11,1,12,1,12,-1,-1,2,14,11,-1781,-1,EMI9815,MRD_x00_y11_z00,24SE,None
12,12,0,0,0,0,12,0,169.700125,5.08,320,30.5,2,8,2,12,1,13,1,13,-1,-1,2,14,12,-1816,-1,EMI9815,MRD_x00_y12_z00,U25,None
13,13,0,0,0,1,0,0,-198.064875,7.28,320,30.5,2,8,2,16,3,1,2,1,-1,-1,2,15,0,-1805,-1,EMI9815,MRD_x01_y00_z00,28SE,None
14,14,0,0,0,1,1,0,-167.364875,7.28,320,30.5,2,8,2,17,3,2,2,2,-1,-1,2,15,1,-1818,-1,EMI9815,MRD_x01_y01_z00,31SE,None
15,15,0,0,0,1,2,0,-136.664875,7.28,320,30.5,2,8,2,18,3,3,2,3,-1,-1,2,15,2,-1860,-1,EMI9815,MRD_x01_y02_z00,8SE,None
16,16,0,0,0,1,3,0,-105.964875,7.28,320,30.5,2,8,2,19,3,4,2,4,-1,-1,2,15,3,-1780,-1,EMI9815,MRD_x01_y03_z00,11SW,None
17,17,0,0,0,1,4,0,-75.264875,7.28,320,30.5,2,8,2,20,3,5,2,5,-1,-1,2,15,4,-1841,-1,EMI9815,MRD_x01_y04_z00,U34,None
18,18,0,0,0,1,5,0,-44.564875,7.28,320,30.5,2,8,2,21,3,6,2,6,-1,-1,2,15,5,-1786,-1,EMI9815,MRD_x01_y05_z010,U36,None
19,19,0,0,0,1,6,0,-13.864875,7.28,320,30.5,2,8,2,22,3,7,2,7,-1,-1,2,15,6,-1864,-1,EMI9815,MRD_x01_y06_z00,U40,None
20,20,0,0,0,1,7,0,16.835125,7.28,320,30.5,2,8,2,23,3,8,2,8,-1,-1,2,15,7,-1858,-1,EMI9815,MRD_x01_y07_z00,Unknown5,None
21,21,0,0,0,1,8,0,47.535125,7.28,320,30.5,2,8,2,24,3,9,2,9,-1,-1,2,15,8,-1876,-1,EMI9815,MRD_x01_y08_z00,27SE,None
22,22,0,0,0,1,9,0,78.235125,7.28,320,30.5,2,8,2,25,3,10,2,10,-1,-1,2,15,9,-1806,-1,EMI9815,MRD_x01_y09_z00,Unknown2,None
23,23,0,0,0,1,10,0,108.935125,7.28,320,30.5,2,8,2,26,3,11,2,11,-1,-1,2,15,10,-1853,-1,EMI9815,MRD_x01_y10_z00,10SW,None
24,24,0,0,0,1,11,0,139.635125,7.28,320,30.5,2,8,2,27,3,12,2,12,-1,-1,2,15,11,-1860,-1,EMI9815,MRD_x01_y11_z00,Bill2,None
25,25,0,0,0,1,12,0,170.335125,7.28,320,30.5,2,8,2,28,3,13,2,13,-1,-1,2,15,12,-1844,-1,EMI9815,MRD_x01_y12_z00,13SE,None
26,26,1,0,2,0,0,-73.75,-121.8,336.38,147.2,20,0.6,7,2,0,1,1,1,1,-1,-1,1,4,0,-2100,-1,-9999,MRD_x00_y00_z02,MRD_x00_y00_z02,None
27,27,1,0,2,0,1,-73.75,-101.5,336.38,147.2,20,0.6,7,2,1,1,2,1,2,-1,-1,1,4,1,-2100,-1,-9999,MRD_x00_y01_z02,MRD_x00_y01_z02,None
28,28,1,0,2,0,2,-73.75,-81.2,336.38,147.2,20,0.6,7,2,2,1,3,1,3,-1,-1,1,4,2,-2100,-1,-9999,MRD_x00_y02_z02,MRD_x00_y02_z02,None
29,29,1,0,2,0,3,-73.75,-60.9,336.38,147.2,20,0.6,7,2,3,1,4,1,4,-1,-1,1,4,3,-2100,-1,-9999,MRD_x00_y03_z02,MRD_x00_y03_z02,None
30,30,1,0,2,0,4,-73.75,-40.6,336.38,147.2,20,0.6,7,2,4,1,5,1,5,-1,-1,1,4,4,-2100,-1,-9999,MRD_x00_y04_z02,MRD_x00_y04_z02,None
31,31,1,0,2,0,5,-73.75,-20.3,336.38,147.2,20,0.6,7,2,5,1,6,1,6,-1,-1,1,4,5,-2100,-1,-9999,MRD_x00_y05_z02,MRD_x00_y05_z02,None
32,32,1,0,2,0,6,-73.75,0,336.38,147.2,20,0.6,7,2,6,1,7,1,7,-1,-1,1,4,6,-2100,-1,-9999,MRD_x00_y06_z02,MRD_x00_y06_z02,None
33,33,1,0,2,0,7,-73.75,20.3,336.38,147.2,20,0.6,7,2,7,1,8,1,8,-1,-1,1,4,7,-2100,-1,-9999,MRD_x00_y07_z02,MRD_x00_y07_z02,None
34,34,1,0,2,0,8,-73.75,40.6,336.38,147.2,20,0.6,7,2,8,1,9,1,9,-1,-1,1,4,8,-1900,-1,-9999,MRD_x00_y08_z02,MRD_x00_y08_z02,None
35,35,1,0,2,0,9,-73.75,60.9,336.38,147.2,20,0.6,7,2,9,1,10,1,10,-1,-1,1,4,10,-1900,-1,-9999,MRD_x00_y09_z02,MRD_x00_y09_z02,None
36,36,1,0,2,0,10,-73.75,81.2,336.38,147.2,20,0.6,7,2,10,1,11,1,11,-1,-1,1,4,11,-2100,-1,-9999,MRD_x00_y10_z02,MRD_x00_y10_z02,None
37,37,1,0,2,0,11,-73.75,101.5,336.38,147.2,20,0.6,7,2,11,1,12,1,12,-1,-1,1,4,12,-2100,-1,-9999,MRD_x00_y11_z02,MRD_x00_y11_z02,None
38,38,1,0,2,0,12,-73.75,121.8,336.38,147.2,20,0.6,7,2,12,1,13,1,13,-1,-1,1,4,13,-1900,-1,-9999,MRD_x00_y12_z02,MRD_x00_y12_z02,None
39,39,1,0,2,1,0,73.75,-121.8,336.38,147.2,20,0.6,7,2,16,3,1,2,1,-1,-1,1,5,0,-2100,-1,-9999,MRD_x01_y00_z02,MRD_x01_y00_z02,None
40,40,1,0,2,1,1,73.75,-101.5,336.38,147.2,20,0.6,7,2,17,3,2,2,2,-1,-1,1,5,1,-2100,-1,-9999,MRD_x01_y01_z02,MRD_x01_y01_z02,None
41,41,1,0,2,1,2,73.75,-81.2,336.38,147.2,20,0.6,7,2,18,3,3,2,3,-1,-1,1,5,2,-1900,-1,-9999,MRD_x01_y02_z02,MRD_x01_y02_z02,None
42,42,1,0,2,1,3,73.75,-60.9,336.38,147.2,20,0.6,7,2,19,3,4,2,4,-1,-1,1,5,3,-1900,-1,-9999,MRD_x01_y03_z02,MRD_x01_y03_z02,None
43,43,1,0,2,1,4,73.75,-40.6,336.38,147.2,20,0.6,7,2,20,3,5,2,5,-1,-1,1,5,4,-2100,-1,-9999,MRD_x01_y04_z02,MRD_x01_y04_z02,None
44,44,1,0,2,1,5,73.75,-20.3,336.38,147.2,20,0.6,7,2,21,3,6,2,6,-1,-1,1,5,5,-2100,-1,-9999,MRD_x01_y05_z02,MRD_x01_y05_z02,None
45,45,1,0,2,1,6,73.75,0,336.38,147.2,20,0.6,7,2,22,3,7,2,7,-1,-1,1,5,6,-1900,-1,-9999,MRD_x01_y06_z02,MRD_x01_y06_z02,None
46,46,1,0,2,1,7,73.75,20.3,336.38,147.2,20,0.6,7,2,23,3,8,2,8,-1,-1,1,5,7,-2100,-1,-9999,MRD_x01_y07_z02,MRD_x01_y07_z02,None
47,47,1,0,2,1,8,73.75,40.6,336.38,147.2,20,0.6,7,2,24,3,9,2,9,-1,-1,1,5,8,-2100,-1,-9999,MRD_x01_y08_z02,MRD_x01_y08_z02,None
48,48,1,0,2,1,9,73.75,60.9,336.38,147.2,20,0.6,7,2,25,3,10,2,10,-1,-1,1,5,9,-2100,-1,-9999,MRD_x01_y09_z02,MRD_x01_y09_z02,None
49,49,1,0,2,1,10,73.75,81.2,336.38,147.2,20,0.6,7,2,26,3,11,2,11,-1,-1,1,5,10,-2100,-1,-9999,MRD_x01_y10_z02,MRD_x01_y10_z02,None
50,50,1,0,2,1,11,73.75,101.5,336.38,147.2,20,0.6,7,2,27,3,12,2,12,-1,-1,1,5,11,-2100,-1,-9999,MRD_x01_y11_z02,MRD_x01_y11_z02,None
51,51,1,0,2,1,12,73.75,121.8,336.38,147.2,20,0.6,7,2,28,3,13,2,13,-1,-1,1,5,12,-1900,-1,-9999,MRD_x01_y12_z02,MRD_x01_y12_z02,None
52,52,1,1,3,0,0,-107.1,-65.25,348.84,15,130.2,1.3,8,5,0,4,1,3,1,-1,-1,1,6,0,-2000,-1,-9999,MRD_x00_y00_z03,MRD_x00_y00_z03,None
53,53,1,1,3,0,1,-91.8,-65.25,348.84,15,130.2,1.3,8,5,1,4,2,3,2,-1,-1,1,6,1,-2000,-1,-9999,MRD_x01_y00_z03,MRD_x01_y00_z03,None
54,54,1,1,3,0,2,-76.5,-65.25,348.84,15,130.2,1.3,8,5,2,4,3,3,3,-1,-1,1,6,2,-2000,-1,-9999,MRD_x02_y00_z03,MRD_x02_y00_z03,None
55,55,1,1,3,0,3,-61.2,-65.25,348.84,15,130.2,1.3,8,5,3,4,4,3,4,-1,-1,1,6,3,-2000,-1,-9999,MRD_x03_y00_z03,MRD_x03_y00_z03,None
56,56,1,1,3,0,4,-45.9,-65.25,348.84,15,130.2,1.3,8,5,4,4,5,3,5,-1,-1,1,6,4,-2000,-1,-9999,MRD_x04_y00_z03,MRD_x04_y00_z03,None
57,57,1,1,3,0,5,-30.6,-65.25,348.84,15,130.2,1.3,8,5,5,4,6,3,6,-1,-1,1,6,5,-2000,-1,-9999,MRD_x05_y00_z03,MRD_x05_y00_z03,None
58,58,1,1,3,0,6,-15.3,-65.25,348.84,15,130.2,1.3,8,5,6,4,7,3,7,-1,-1,1,6,6,-2000,-1,-9999,MRD_x06_y00_z03,MRD_x06_y00_z03,None
59,59,1,1,3,0,7,0,-65.25,348.84,15,130.2,1.3,8,5,7,4,8,3,8,-1,-1,1,6,7,-2000,-1,-9999,MRD_x07_y00_z03,MRD_x07_y00_z03,None
60,60,1,1,3,0,8,15.3,-65.25,348.84,15,130.2,1.3,8,5,8,4,9,3,9,-1,-1,1,6,8,-2000,-1,-9999,MRD_x08_y00_z03,MRD_x08_y00_z03,None
61,61,1,1,3,0,9,30.6,-65.25,348.84,15,130.2,1.3,8,5,9,4,10,3,10,-1,-1,1,6,9,-2000,-1,-9999,MRD_x09_y00_z03,MRD_x09_y00_z03,None
62,62,1,1,3,0,10,45.9,-65.25,348.84,15,130.2,1.3,8,5,10,4,11,3,11,-1,-1,1,6,10,-2000,-1,-9999,MRD_x10_y00_z03,MRD_x10_y00_z03,None
63,63,1,1,3,0,11,61.2,-65.25,348.84,15,130.2,1.3,8,5,11,4,12,3,12,-1,-1,1,6,11,-2000,-1,-9999,MRD_x11_y00_z03,MRD_x11_y00_z03,None
64,64,1,1,3,0,12,76.5,-65.25,348.84,15,130.2,1.3,8,5,12,4,13,3,13,-1,-1,1,6,12,-2000,-1,-9999,MRD_x12_y00_z03,MRD_x12_y00_z03,None
65,65,1,1,3,0,13,91.8,-65.25,348.84,15,130.2,1.3,8,5,13,4,14,3,14,-1,-1,1,6,13,-2000,-1,-9999,MRD_x13_y00_z03,MRD_x13_y00_z03,None
66,66,1,1,3,0,14,107.1,-65.25,348.84,15,130.2,1.3,8,5,14,4,15,3,15,-1,-1,1,6,14,-1800,-1,-9999,MRD_x14_y00_z03,MRD_x14_y00_z03,None
67,67,1,1,3,1,0,-107.1,65.25,348.84,15,130.2,1.3,8,5,16,6,1,4,1,-1,-1,1,7,0,-2200,-1,-9999,MRD_x00_y01_z03,MRD_x00_y01_z03,None
68,68,1,1,3,1,1,-91.8,65.25,348.84,15,130.2,1.3,8,5,17,6,2,4,2,-1,-1,1,7,1,-2000,-1,-9999,MRD_x01_y01_z03,MRD_x01_y01_z03,None
69,69,1,1,3,1,2,-76.5,65.25,348.84,15,130.2,1.3,8,5,18,6,3,4,3,-1,-1,1,7,2,-2000,-1,-9999,MRD_x02_y01_z03,MRD_x02_y01_z03,None
70,70,1,1,3,1,3,-61.2,65.25,348.84,15,130.2,1.3,8,5,19,6,4,4,4,-1,-1,1,7,3,-2000,-1,-9999,MRD_x03_y01_z03,MRD_x03_y01_z03,None
71,71,1,1,3,1,4,-45.9,65.25,348.84,15,130.2,1.3,8,5,20,6,5,4,5,-1,-1,1,7,4,-2000,-1,-9999,MRD_x04_y01_z03,MRD_x04_y01_z03,None
72,72,1,1,3,1,5,-30.6,65.25,348.84,15,130.2,1.3,8,5,21,6,6,4,6,-1,-1,1,7,5,-2000,-1,-9999,MRD_x05_y01_z03,MRD_x05_y01_z03,None
73,73,1,1,3,1,6,-15.3,65.25,348.84,15,130.2,1.3,8,5,22,6,7,4,7,-1,-1,1,7,6,-2000,-1,-9999,MRD_x06_y01_z03,MRD_x06_y01_z03,None
74,74,1,1,3,1,7,0,65.25,348.84,15,130.2,1.3,8,5,23,6,8,4,8,-1,-1,1,7,7,-2000,-1,-9999,MRD_x07_y01_z03,MRD_x07_y01_z03,None
75,75,1,1,3,1,8,15.3,65.25,348.84,15,130.2,1.3,8,5,24,6,9,4,9,-1,-1,1,7,8,-2000,-1,-9999,MRD_x08_y01_z03,MRD_x08_y01_z03,None
76,76,1,1,3,1,9,30.6,65.25,348.84,15,130.2,1.3,8,5,25,6,10,4,10,-1,-1,1,7,9,-2000,-1,-9999,MRD_x09_y01_z03,MRD_x09_y01_z03,None
77,77,1,1,3,1,10,45.9,65.25,348.84,15,130.2,1.3,8,5,26,6,11,4,11,-1,-1,1,7,10,-2000,-1,-9999,MRD_x10_y01_z03,MRD_x10_y01_z03,Currently using y1 z3 spare cableNone
78,78,1,1,3,1,11,61.2,65.25,348.84,15,130.2,1.3,8,5,27,6,12,4,12,-1,-1,1,7,11,-2000,-1,-9999,MRD_x11_y01_z03,MRD_x11_y01_z03,None
79,79,1,1,3,1,12,76.5,65.25,348.84,15,130.2,1.3,8,5,28,6,13,4,13,-1,-1,1,7,12,-2000,-1,-9999,MRD_x12_y01_z03,MRD_x12_y01_z03,None
80,80,1,1,3,1,13,91.8,65.25,348.84,15,130.2,1.3,8,5,29,6,14,4,14,-1,-1,1,7,13,-2000,-1,-9999,MRD_x13_y01_z03,MRD_x13_y01_z03,None
81,81,1,1,3,1,14,107.1,65.25,348.84,15,130.2,1.3,8,5,30,6,15,4,15,-1,-1,1,7,14,-2000,-1,-9999,MRD_x14_y01_z03,MRD_x14_y01_z03,None
82,82,1,0,4,0,0,-73.75,-121.8,361.3,147.2,20,0.6,7,5,0,4,1,3,1,-1,-1,1,8,0,-2100,-1,-9999,MRD_x00_y00_z04,MRD_x00_y00_z04,None
83,83,1,0,4,0,1,-73.75,-101.5,361.3,147.2,20,0.6,7,5,1,4,2,3,2,-1,-1,1,8,1,-2100,-1,-9999,MRD_x00_y01_z04,MRD_x00_y01_z04,None
84,84,1,0,4,0,2,-73.75,-81.2,361.3,147.2,20,0.6,7,5,2,4,3,3,3,-1,-1,1,8,2,-2100,-1,-9999,MRD_x00_y02_z04,MRD_x00_y02_z04,None
85,85,1,0,4,0,3,-73.75,-60.9,361.3,147.2,20,0.6,7,5,3,4,4,3,4,-1,-1,1,8,3,-2100,-1,-9999,MRD_x00_y03_z04,MRD_x00_y03_z04,None
86,86,1,0,4,0,4,-73.75,-40.6,361.3,147.2,20,0.6,7,5,4,4,5,3,5,-1,-1,1,8,4,-2300,-1,-9999,MRD_x00_y04_z04,MRD_x00_y04_z04,None
87,87,1,0,4,0,5,-73.75,-20.3,361.3,147.2,20,0.6,7,5,5,4,6,3,6,-1,-1,1,8,5,-2100,-1,-9999,MRD_x00_y05_z04,MRD_x00_y05_z04,None
88,88,1,0,4,0,6,-73.75,0,361.3,147.2,20,0.6,7,5,6,4,7,3,7,-1,-1,1,8,6,-2100,-1,-9999,MRD_x00_y06_z04,MRD_x00_y06_z04,None
89,89,1,0,4,0,7,-73.75,20.3,361.3,147.2,20,0.6,7,5,7,4,8,3,8,-1,-1,1,8,7,-2100,-1,-9999,MRD_x00_y07_z04,MRD_x00_y07_z04,None
90,90,1,0,4,0,8,-73.75,40.6,361.3,147.2,20,0.6,7,5,8,4,9,3,9,-1,-1,1,8,8,-2100,-1,-9999,MRD_x00_y08_z04,MRD_x00_y08_z04,None
91,91,1,0,4,0,9,-73.75,60.9,361.3,147.2,20,0.6,7,5,9,4,10,3,10,-1,-1,1,8,9,-2100,-1,-9999,MRD_x00_y09_z04,MRD_x00_y09_z04,None
92,92,1,0,4,0,10,-73.75,81.2,361.3,147.2,20,0.6,7,5,10,4,11,3,11,-1,-1,1,8,10,-2100,-1,-9999,MRD_x00_y10_z04,MRD_x00_y10_z04,None
93,93,1,0,4,0,11,-73.75,101.5,361.3,147.2,20,0.6,7,5,11,4,12,3,12,-1,-1,1,8,11,-2100,-1,-9999,MRD_x00_y11_z04,MRD_x00_y11_z04,None
94,94,1,0,4,0,12,-73.75,121.8,361.3,147.2,20,0.6,7,5,12,4,13,3,13,-1,-1,1,8,12,-2300,-1,-9999,MRD_x00_y12_z04,MRD_x00_y12_z04,None
95,95,1,0,4,1,0,73.75,-121.8,361.3,147.2,20,0.6,7,5,16,6,1,4,1,-1,-1,1,9,0,-2100,-1,-9999,MRD_x01_y00_z04,MRD_x01_y00_z04,None
96,96,1,0,4,1,1,73.75,-101.5,361.3,147.2,20,0.6,7,5,17,6,2,4,2,-1,-1,1,9,1,-2100,-1,-9999,MRD_x01_y01_z04,MRD_x01_y01_z04,None
97,97,1,0,4,1,2,73.75,-81.2,361.3,147.2,20,0.6,7,5,18,6,3,4,3,-1,-1,1,9,2,-2300,-1,-9999,MRD_x01_y02_z04,MRD_x01_y02_z04,None
98,98,1,0,4,1,3,73.75,-60.9,361.3,147.2,20,0.6,7,5,19,6,4,4,4,-1,-1,1,9,3,-2300,-1,-9999,MRD_x01_y03_z04,MRD_x01_y03_z04,None
99,99,1,0,4,1,4,73.75,-40.6,361.3,147.2,20,0.6,7,5,20,6,5,4,5,-1,-1,1,9,4,-2100,-1,-9999,MRD_x01_y04_z04,MRD_x01_y04_z04,None
100,100,1,0,4,1,5,73.75,-20.3,361.3,147.2,20,0.6,7,5,21,6,6,4,6,-1,-1,1,9,5,-2100,-1,-9999,MRD_x01_y05_z04,MRD_x01_y05_z04,None
101,101,1,0,4,1,6,73.75,0,361.3,147.2,20,0.6,7,5,22,6,7,4,7,-1,-1,1,9,6,-2100,-1,-9999,MRD_x01_y06_z04,MRD_x01_y06_z04,None
102,102,1,0,4,1,7,73.75,20.3,361.3,147.2,20,0.6,7,5,23,6,8,4,8,-1,-1,1,9,7,-2100,-1,-9999,MRD_x01_y07_z04,MRD_x01_y07_z04,None
103,103,1,0,4,1,8,73.75,40.6,361.3,147.2,20,0.6,7,5,24,6,9,4,9,-1,-1,1,9,8,-2100,-1,-9999,MRD_x01_y08_z04,MRD_x01_y08_z04,None
104,104,1,0,4,1,9,73.75,60.9,361.3,147.2,20,0.6,7,5,25,6,10,4,10,-1,-1,1,9,9,-2100,-1,-9999,MRD_x01_y09_z04,MRD_x01_y09_z04,None
105,105,1,0,4,1,10,73.75,81.2,361.3,147.2,20,0.6,7,5,26,6,11,4,11,-1,-1,1,9,10,-2100,-1,-9999,MRD_x01_y10_z04,MRD_x01_y10_z04,None
106,106,1,0,4,1,11,73.75,101.5,361.3,147.2,20,0.6,7,5,27,6,12,4,12,-1,-1,1,9,11,-2100,-1,-9999,MRD_x01_y11_z04,MRD_x01_y11_z04,None
107,107,1,0,4,1,12,73.75,121.8,361.3,147.2,20,0.6,7,5,28,6,13,4,13,-1,-1,1,9,12,-2100,-1,-9999,MRD_x01_y12_z04,MRD_x01_y12_z04,None
108,108,1,1,5,0,0,-122.4,-65.25,373.76,15,130.2,1.3,8,8,0,7,1,5,1,-1,-1,1,10,0,-2200,-1,-9999,MRD_x00_y00_z05,MRD_x00_y00_z05,None
109,109,1,1,5,0,1,-107.1,-65.25,373.76,15,130.2,1.3,8,8,1,7,2,5,2,-1,-1,1,10,1,-2200,-1,-9999,MRD_x01_y00_z05,MRD_x01_y00_z05,None
110,110,1,1,5,0,2,-91.8,-65.25,373.76,15,130.2,1.3,8,8,2,7,3,5,3,-1,-1,1,10,2,-2000,-1,-9999,MRD_x02_y00_z05,MRD_x02_y00_z05,None
111,111,1,1,5,0,3,-76.5,-65.25,373.76,15,130.2,1.3,8,8,3,7,4,5,4,-1,-1,1,10,3,-1500,-1,-9999,MRD_x03_y00_z05,MRD_x03_y00_z05,None
112,112,1,1,5,0,4,-61.2,-65.25,373.76,15,130.2,1.3,8,8,4,7,5,5,5,-1,-1,1,10,4,-2000,-1,-9999,MRD_x04_y00_z05,MRD_x04_y00_z05,None
113,113,1,1,5,0,5,-45.9,-65.25,373.76,15,130.2,1.3,8,8,5,7,6,5,6,-1,-1,1,10,5,-2000,-1,-9999,MRD_x05_y00_z05,MRD_x05_y00_z05,None
114,114,1,1,5,0,6,-30.6,-65.25,373.76,15,130.2,1.3,8,8,6,7,7,5,7,-1,-1,1,10,6,-2000,-1,-9999,MRD_x06_y00_z05,MRD_x06_y00_z05,None
115,115,1,1,5,0,7,-15.3,-65.25,373.76,15,130.2,1.3,8,8,7,7,8,5,8,-1,-1,1,10,7,-2000,-1,-9999,MRD_x07_y00_z05,MRD_x07_y00_z05,None
116,116,1,1,5,0,8,0,-65.25,373.76,15,130.2,1.3,8,8,8,7,9,5,9,-1,-1,1,10,8,-2000,-1,-9999,MRD_x08_y00_z05,MRD_x08_y00_z05,None
117,117,1,1,5,0,9,15.3,-65.25,373.76,15,130.2,1.3,8,8,9,7,10,5,10,-1,-1,1,10,9,-2000,-1,-9999,MRD_x09_y00_z05,MRD_x09_y00_z05,None
118,118,1,1,5,0,10,30.6,-65.25,373.76,15,130.2,1.3,8,8,10,7,11,5,11,-1,-1,1,10,10,-2000,-1,-9999,MRD_x10_y00_z05,MRD_x10_y00_z05,None
119,119,1,1,5,0,11,45.9,-65.25,373.76,15,130.2,1.3,8,8,11,7,12,5,12,-1,-1,1,10,11,-2000,-1,-9999,MRD_x11_y00_z05,MRD_x11_y00_z05,None
120,120,1,1,5,0,12,61.2,-65.25,373.76,15,130.2,1.3,8,5,31,6,16,5,13,-1,-1,1,10,12,-2000,-1,-9999,MRD_x12_y00_z05,MRD_x12_y00_z05,Discriminator on slot 7 channel 13 has no NIM outputNone
121,121,1,1,5,0,13,76.5,-65.25,373.76,15,130.2,1.3,8,8,13,7,14,5,14,-1,-1,1,10,13,-2000,-1,-9999,MRD_x13_y00_z05,MRD_x13_y00_z05,None
122,122,1,1,5,0,14,91.8,-65.25,373.76,15,130.2,1.3,8,8,14,7,15,5,15,-1,-1,1,10,14,-2000,-1,-9999,MRD_x14_y00_z05,MRD_x14_y00_z05,None
123,123,1,1,5,0,15,107.1,-65.25,373.76,15,130.2,1.3,8,8,15,7,16,5,16,-1,-1,1,5,14,-1500,-1,-9999,MRD_x15_y00_z05,MRD_x15_y00_z05,None
124,124,1,1,5,0,16,122.4,-65.25,373.76,15,130.2,1.3,8,17,15,16,16,5,17,-1,-1,1,4,14,-2200,-1,-9999,MRD_x16_y00_z05,MRD_x16_y00_z05,None
125,125,1,1,5,1,0,-122.4,65.25,373.76,15,130.2,1.3,8,8,16,9,1,6,1,-1,-1,1,11,0,-2000,-1,-9999,MRD_x00_y01_z05,MRD_x00_y01_z05,None
126,126,1,1,5,1,1,-107.1,65.25,373.76,15,130.2,1.3,8,8,17,9,2,6,2,-1,-1,1,11,1,-2000,-1,-9999,MRD_x01_y01_z05,MRD_x01_y01_z05,possible dischargeNone
127,127,1,1,5,1,2,-91.8,65.25,373.76,15,130.2,1.3,8,8,18,9,3,6,3,-1,-1,1,11,2,-2000,-1,-9999,MRD_x02_y01_z05,MRD_x02_y01_z05,None
128,128,1,1,5,1,3,-76.5,65.25,373.76,15,130.2,1.3,8,8,19,9,4,6,4,-1,-1,1,11,3,-2000,-1,-9999,MRD_x03_y01_z05,MRD_x03_y01_z05,None
129,129,1,1,5,1,4,-61.2,65.25,373.76,15,130.2,1.3,8,8,20,9,5,6,5,-1,-1,1,11,4,-1500,-1,-9999,MRD_x04_y01_z05,MRD_x04_y01_z05,None
130,130,1,1,5,1,5,-45.9,65.25,373.76,15,130.2,1.3,8,8,21,9,6,6,6,-1,-1,1,11,5,-2000,-1,-9999,MRD_x05_y01_z05,MRD_x05_y01_z05,None
131,131,1,1,5,1,6,-30.6,65.25,373.76,15,130.2,1.3,8,8,22,9,7,6,7,-1,-1,1,11,6,-2000,-1,-9999,MRD_x06_y01_z05,MRD_x06_y01_z05,None
132,132,1,1,5,1,7,-15.3,65.25,373.76,15,130.2,1.3,8,8,23,9,8,6,8,-1,-1,1,11,7,-2000,-1,-9999,MRD_x07_y01_z05,MRD_x07_y01_z05,None
133,133,1,1,5,1,8,0,65.25,373.76,15,130.2,1.3,8,8,24,9,9,6,9,-1,-1,1,11,8,-2000,-1,-9999,MRD_x08_y01_z05,MRD_x08_y01_z05,None
134,134,1,1,5,1,9,15.3,65.25,373.76,15,130.2,1.3,8,8,25,9,10,6,10,-1,-1,1,11,9,-2000,-1,-9999,MRD_x09_y01_z05,MRD_x09_y01_z05,None
135,135,1,1,5,1,10,30.6,65.25,373.76,15,130.2,1.3,8,8,26,9,11,6,11,-1,-1,1,11,10,-2000,-1,-9999,MRD_x10_y01_z05,MRD_x10_y01_z05,None
136,136,1,1,5,1,11,45.9,65.25,373.76,15,130.2,1.3,8,8,27,9,12,6,12,-1,-1,1,11,11,-1800,-1,-9999,MRD_x11_y01_z05,MRD_x11_y01_z05,None
137,137,1,1,5,1,12,61.2,65.25,373.76,15,130.2,1.3,8,8,28,9,13,6,13,-1,-1,1,11,12,-2000,-1,-9999,MRD_x12_y01_z05,MRD_x12_y01_z05,None
138,138,1,1,5,1,13,76.5,65.25,373.76,15,130.2,1.3,8,8,29,9,14,6,14,-1,-1,1,11,13,-2000,-1,-9999,MRD_x13_y01_z05,MRD_x13_y01_z05,None
139,139,1,1,5,1,14,91.8,65.25,373.76,15,130.2,1.3,8,8,30,9,15,6,15,-1,-1,1,11,14,-2000,-1,-9999,MRD_x14_y01_z05,MRD_x14_y01_z05,None
140,140,1,1,5,1,15,107.1,65.25,373.76,15,130.2,1.3,8,8,31,9,16,6,16,-1,-1,1,11,15,-2000,-1,-9999,MRD_x15_y01_z05,MRD_x15_y01_z05,None
141,141,1,1,5,1,16,122.4,65.25,373.76,15,130.2,1.3,8,14,31,15,16,6,17,-1,-1,1,4,15,-2000,-1,-9999,MRD_x16_y01_z05,MRD_x16_y01_z05,Now uses y0 z5 spare; Rack 8 slot 18 channel 16 has no NIM output
142,142,1,0,6,0,0,-73.75,-121.8,386.22,147.2,20,0.6,7,8,0,7,1,5,1,-1,-1,1,12,0,-2100,-1,-9999,MRD_x00_y00_z06,MRD_x00_y00_z06,None
143,143,1,0,6,0,1,-73.75,-101.5,386.22,147.2,20,0.6,7,8,1,7,2,5,2,-1,-1,1,12,1,-2100,-1,-9999,MRD_x00_y01_z06,MRD_x00_y01_z06,None
144,144,1,0,6,0,2,-73.75,-81.2,386.22,147.2,20,0.6,7,8,2,7,3,5,3,-1,-1,1,12,2,-2100,-1,-9999,MRD_x00_y02_z06,MRD_x00_y02_z06,None
145,145,1,0,6,0,3,-73.75,-60.9,386.22,147.2,20,0.6,7,8,3,7,4,5,4,-1,-1,1,12,3,-2100,-1,-9999,MRD_x00_y03_z06,MRD_x00_y03_z06,None
146,146,1,0,6,0,4,-73.75,-40.6,386.22,147.2,20,0.6,7,8,4,7,5,5,5,-1,-1,1,12,4,-2100,-1,-9999,MRD_x00_y04_z06,MRD_x00_y04_z06,None
147,147,1,0,6,0,5,-73.75,-20.3,386.22,147.2,20,0.6,7,8,5,7,6,5,6,-1,-1,1,12,5,-2100,-1,-9999,MRD_x00_y05_z06,MRD_x00_y05_z06,None
148,148,1,0,6,0,6,-73.75,0,386.22,147.2,20,0.6,7,8,6,7,7,5,7,-1,-1,1,12,6,-2100,-1,-9999,MRD_x00_y06_z06,MRD_x00_y06_z06,None
149,149,1,0,6,0,7,-73.75,20.3,386.22,147.2,20,0.6,7,8,7,7,8,5,8,-1,-1,1,12,7,-2100,-1,-9999,MRD_x00_y07_z06,MRD_x00_y07_z06,None
150,150,1,0,6,0,8,-73.75,40.6,386.22,147.2,20,0.6,7,8,8,7,9,5,9,-1,-1,1,12,8,-2100,-1,-9999,MRD_x00_y08_z06,MRD_x00_y08_z06,None
151,151,1,0,6,0,9,-73.75,60.9,386.22,147.2,20,0.6,7,8,9,7,10,5,10,-1,-1,1,12,9,-2100,-1,-9999,MRD_x00_y09_z06,MRD_x00_y09_z06,None
152,152,1,0,6,0,10,-73.75,81.2,386.22,147.2,20,0.6,7,8,10,7,11,5,11,-1,-1,1,12,10,-2100,-1,-9999,MRD_x00_y10_z06,MRD_x00_y10_z06,None
153,153,1,0,6,0,11,-73.75,101.5,386.22,147.2,20,0.6,7,8,11,7,12,5,12,-1,-1,1,12,11,-2100,-1,-9999,MRD_x00_y11_z06,MRD_x00_y11_z06,None
154,154,1,0,6,0,12,-73.75,121.8,386.22,147.2,20,0.6,7,8,12,7,13,5,13,-1,-1,1,12,12,-2100,-1,-9999,MRD_x00_y12_z06,MRD_x00_y12_z06,None
155,155,1,0,6,1,0,73.75,-121.8,386.22,147.2,20,0.6,7,8,16,9,1,6,1,-1,-1,1,13,0,-1900,-1,-9999,MRD_x01_y00_z06,MRD_x01_y00_z06,None
156,156,1,0,6,1,1,73.75,-101.5,386.22,147.2,20,0.6,7,8,17,9,2,6,2,-1,-1,1,13,1,-2100,-1,-9999,MRD_x01_y01_z06,MRD_x01_y01_z06,None
157,157,1,0,6,1,2,73.75,-81.2,386.22,147.2,20,0.6,7,8,18,9,3,6,3,-1,-1,1,13,2,-2100,-1,-9999,MRD_x01_y02_z06,MRD_x01_y02_z06,None
158,158,1,0,6,1,3,73.75,-60.9,386.22,147.2,20,0.6,7,8,19,9,4,6,4,-1,-1,1,13,3,-2100,-1,-9999,MRD_x01_y03_z06,MRD_x01_y03_z06,None
159,159,1,0,6,1,4,73.75,-40.6,386.22,147.2,20,0.6,7,8,20,9,5,6,5,-1,-1,1,13,4,-2100,-1,-9999,MRD_x01_y04_z06,MRD_x01_y04_z06,None
160,160,1,0,6,1,5,73.75,-20.3,386.22,147.2,20,0.6,7,8,21,9,6,6,6,-1,-1,1,13,5,-2100,-1,-9999,MRD_x01_y05_z06,MRD_x01_y05_z06,None
161,161,1,0,6,1,6,73.75,0,386.22,147.2,20,0.6,7,8,22,9,7,6,7,-1,-1,1,13,6,-2100,-1,-9999,MRD_x01_y06_z06,MRD_x01_y06_z06,None
162,162,1,0,6,1,7,73.75,20.3,386.22,147.2,20,0.6,7,8,23,9,8,6,8,-1,-1,1,13,7,-2100,-1,-9999,MRD_x01_y07_z06,MRD_x01_y07_z06,None
163,163,1,0,6,1,8,73.75,40.6,386.22,147.2,20,0.6,7,8,24,9,9,6,9,-1,-1,1,13,8,-2100,-1,-9999,MRD_x01_y08_z06,MRD_x01_y08_z06,None
164,164,1,0,6,1,9,73.75,60.9,386.22,147.2,20,0.6,7,8,25,9,10,6,10,-1,-1,1,13,9,-1900,-1,-9999,MRD_x01_y09_z06,MRD_x01_y09_z06,None
165,165,1,0,6,1,10,73.75,81.2,386.22,147.2,20,0.6,7,8,26,9,11,6,11,-1,-1,1,13,10,-2100,-1,-9999,MRD_x01_y10_z06,MRD_x01_y10_z06,None
166,166,1,0,6,1,11,73.75,101.5,386.22,147.2,20,0.6,7,8,27,9,12,6,12,-1,-1,1,13,11,-2100,-1,-9999,MRD_x01_y11_z06,MRD_x01_y11_z06,None
167,167,1,0,6,1,12,73.75,121.8,386.22,147.2,20,0.6,7,8,28,9,13,6,13,-1,-1,1,13,12,-2100,-1,-9999,MRD_x01_y12_z06,MRD_x01_y12_z06,None
168,168,1,1,7,0,1,-121.8,-65.25,398.33,20,130.2,0.6,8,11,1,10,2,7,2,1,3,1,14,1,-1500,-1,-9999,MRD_x01_y00_z07,MRD_x01_y00_z07,None
169,169,1,1,7,0,2,-101.5,-65.25,398.33,20,130.2,0.6,8,11,2,10,3,7,3,1,5,1,14,2,-1500,-1,-9999,MRD_x02_y00_z07,MRD_x02_y00_z07,None
170,170,1,1,7,0,3,-81.2,-65.25,398.33,20,130.2,0.6,8,11,3,10,4,7,4,1,7,1,14,3,-1500,-1,-9999,MRD_x03_y00_z07,MRD_x03_y00_z07,None
171,171,1,1,7,0,4,-60.9,-65.25,398.33,20,130.2,0.6,8,11,4,10,5,7,5,1,9,1,14,4,-1500,-1,-9999,MRD_x04_y00_z07,MRD_x04_y00_z07,None
172,172,1,1,7,0,5,-40.6,-65.25,398.33,20,130.2,0.6,8,11,5,10,6,7,6,1,11,1,14,5,-1500,-1,-9999,MRD_x05_y00_z07,MRD_x05_y00_z07,None
173,173,1,1,7,0,6,-20.3,-65.25,398.33,20,130.2,0.6,8,11,6,10,7,7,7,1,13,1,14,6,-1500,-1,-9999,MRD_x06_y00_z07,MRD_x06_y00_z07,None
174,174,1,1,7,0,7,0,-65.25,398.33,20,130.2,0.6,8,11,7,10,8,7,8,12,2,1,14,7,-1500,-1,-9999,MRD_x07_y00_z07,MRD_x07_y00_z07,None
175,175,1,1,7,0,8,20.3,-65.25,398.33,20,130.2,0.6,8,11,8,10,9,7,9,12,4,1,14,8,-1500,-1,-9999,MRD_x08_y00_z07,MRD_x08_y00_z07,None
176,176,1,1,7,0,9,40.6,-65.25,398.33,20,130.2,0.6,8,11,9,10,10,7,10,12,6,1,14,9,-1500,-1,-9999,MRD_x09_y00_z07,MRD_x09_y00_z07,None
177,177,1,1,7,0,10,60.9,-65.25,398.33,20,130.2,0.6,8,11,10,10,11,7,11,12,8,1,14,10,-1500,-1,-9999,MRD_x10_y00_z07,MRD_x10_y00_z07,None
178,178,1,1,7,0,11,81.2,-65.25,398.33,20,130.2,0.6,8,11,11,10,12,7,12,12,10,1,14,11,-1500,-1,-9999,MRD_x11_y00_z07,MRD_x11_y00_z07,None
179,179,1,1,7,0,12,101.5,-65.25,398.33,20,130.2,0.6,8,11,12,10,13,7,13,12,12,1,14,12,-1500,-1,-9999,MRD_x12_y00_z07,MRD_x12_y00_z07,None
180,180,1,1,7,0,13,121.8,-65.25,398.33,20,130.2,0.6,8,11,13,10,14,7,14,12,14,1,14,13,-1500,-1,-9999,MRD_x13_y00_z07,MRD_x13_y00_z07,None
181,181,1,1,7,1,1,-121.8,65.25,398.33,20,130.2,0.6,8,11,17,12,2,8,2,1,4,1,15,1,-1500,-1,-9999,MRD_x01_y01_z07,MRD_x01_y01_z07,None
182,182,1,1,7,1,2,-101.5,65.25,398.33,20,130.2,0.6,8,11,18,12,3,8,3,1,6,1,15,2,-1500,-1,-9999,MRD_x02_y01_z07,MRD_x02_y01_z07,None
183,183,1,1,7,1,3,-81.2,65.25,398.33,20,130.2,0.6,8,11,19,12,4,8,4,1,8,1,15,3,-1300,-1,-9999,MRD_x03_y01_z07,MRD_x03_y01_z07,None
184,184,1,1,7,1,4,-60.9,65.25,398.33,20,130.2,0.6,8,11,20,12,5,8,5,1,10,1,15,4,-1500,-1,-9999,MRD_x04_y01_z07,MRD_x04_y01_z07,None
185,185,1,1,7,1,5,-40.6,65.25,398.33,20,130.2,0.6,8,11,21,12,6,8,6,1,12,1,15,5,-2000,-1,-9999,MRD_x05_y01_z07,MRD_x05_y01_z07,None
186,186,1,1,7,1,6,-20.3,65.25,398.33,20,130.2,0.6,8,11,22,12,7,8,7,1,14,1,15,6,-2000,-1,-9999,MRD_x06_y01_z07,MRD_x06_y01_z07,None
187,187,1,1,7,1,7,0,65.25,398.33,20,130.2,0.6,8,11,23,12,8,8,8,12,1,1,15,7,-2000,-1,-9999,MRD_x07_y01_z07,MRD_x07_y01_z07,None
188,188,1,1,7,1,8,20.3,65.25,398.33,20,130.2,0.6,8,11,24,12,9,8,9,12,3,1,15,8,-2000,-1,-9999,MRD_x08_y01_z07,MRD_x08_y01_z07,None
189,189,1,1,7,1,9,40.6,65.25,398.33,20,130.2,0.6,8,11,25,12,10,8,10,12,5,1,15,9,-1500,-1,-9999,MRD_x09_y01_z07,MRD_x09_y01_z07,None
190,190,1,1,7,1,10,60.9,65.25,398.33,20,130.2,0.6,8,11,26,12,11,8,11,12,7,1,15,10,-1500,-1,-9999,MRD_x10_y01_z07,MRD_x10_y01_z07,None
191,191,1,1,7,1,11,81.2,65.25,398.33,20,130.2,0.6,8,11,27,12,12,8,12,12,9,1,15,11,-1500,-1,-9999,MRD_x11_y01_z07,MRD_x11_y01_z07,None
192,192,1,1,7,1,12,101.5,65.25,398.33,20,130.2,0.6,8,11,28,12,13,8,13,12,11,1,15,12,-1500,-1,-9999,MRD_x12_y01_z07,MRD_x12_y01_z07,None
193,193,1,1,7,1,13,121.8,65.25,398.33,20,130.2,0.6,8,11,29,12,14,8,14,12,13,1,15,13,-1500,-1,-9999,MRD_x13_y01_z07,MRD_x13_y01_z07,None
194,194,1,0,8,0,0,-73.75,-121.8,410.44,147.2,20,0.6,7,11,0,10,1,7,1,-1,-1,1,0,0,2100,1,EMI 9939B,MRD_x00_y00_z08,MRD_x00_y00_z08,None
195,195,1,0,8,0,1,-73.75,-101.5,410.44,147.2,20,0.6,7,11,1,10,2,7,2,-1,-1,1,0,1,2100,1,EMI 9939B,MRD_x00_y01_z08,MRD_x00_y01_z08,None
196,196,1,0,8,0,2,-73.75,-81.2,410.44,147.2,20,0.6,7,11,2,10,3,7,3,-1,-1,1,0,2,2100,1,EMI 9939B,MRD_x00_y02_z08,MRD_x00_y02_z08,None
197,197,1,0,8,0,3,-73.75,-60.9,410.44,147.2,20,0.6,7,11,3,10,4,7,4,-1,-1,1,0,3,2100,1,EMI 9939B,MRD_x00_y03_z08,MRD_x00_y03_z08,None
198,198,1,0,8,0,4,-73.75,-40.6,410.44,147.2,20,0.6,7,11,4,10,5,7,5,-1,-1,1,0,4,2100,1,EMI 9939B,MRD_x00_y04_z08,MRD_x00_y04_z08,None
199,199,1,0,8,0,5,-73.75,-20.3,410.44,147.2,20,0.6,7,11,5,10,6,7,6,-1,-1,1,0,5,2100,1,EMI 9939B,MRD_x00_y05_z08,MRD_x00_y05_z08,None
200,200,1,0,8,0,6,-73.75,0,410.44,147.2,20,0.6,7,11,6,10,7,7,7,-1,-1,1,0,6,2100,1,EMI 9939B,MRD_x00_y06_z08,MRD_x00_y06_z08,None
201,201,1,0,8,0,7,-73.75,20.3,410.44,147.2,20,0.6,7,11,7,10,8,7,8,-1,-1,1,0,7,2100,1,EMI 9939B,MRD_x00_y07_z08,MRD_x00_y07_z08,None
202,202,1,0,8,0,8,-73.75,40.6,410.44,147.2,20,0.6,7,11,8,10,9,7,9,-1,-1,1,0,8,2100,1,EMI 9939B,MRD_x00_y08_z08,MRD_x00_y08_z08,None
203,203,1,0,8,0,9,-73.75,60.9,410.44,147.2,20,0.6,7,11,9,10,10,7,10,-1,-1,1,0,9,2100,1,EMI 9939B,MRD_x00_y09_z08,MRD_x00_y09_z08,None
204,204,1,0,8,0,10,-73.75,81.2,410.44,147.2,20,0.6,7,11,10,10,11,7,11,-1,-1,1,0,10,2100,1,EMI 9939B,MRD_x00_y10_z08,MRD_x00_y10_z08,None
205,205,1,0,8,0,11,-73.75,101.5,410.44,147.2,20,0.6,7,11,11,10,12,7,12,-1,-1,1,0,11,2100,1,EMI 9939B,MRD_x00_y11_z08,MRD_x00_y11_z08,None
206,206,1,0,8,0,12,-73.75,121.8,410.44,147.2,20,0.6,7,11,12,10,13,7,13,-1,-1,1,0,12,2100,1,EMI 9939B,MRD_x00_y12_z08,MRD_x00_y12_z08,None
207,207,1,0,8,1,0,73.75,-121.8,410.44,147.2,20,0.6,7,11,16,12,1,8,1,-1,-1,1,1,13,2100,1,EMI 9939B,MRD_x01_y00_z08,MRD_x01_y00_z08,< HV 1-1-0 is brokenNone
208,208,1,0,8,1,1,73.75,-101.5,410.44,147.2,20,0.6,7,11,17,12,2,8,2,-1,-1,1,1,1,2100,1,EMI 9939B,MRD_x01_y01_z08,MRD_x01_y01_z08,None
209,209,1,0,8,1,2,73.75,-81.2,410.44,147.2,20,0.6,7,11,18,12,3,8,3,-1,-1,1,1,2,2100,1,EMI 9939B,MRD_x01_y02_z08,MRD_x01_y02_z08,None
210,210,1,0,8,1,3,73.75,-60.9,410.44,147.2,20,0.6,7,11,19,12,4,8,4,-1,-1,1,1,3,2100,1,EMI 9939B,MRD_x01_y03_z08,MRD_x01_y03_z08,None
211,211,1,0,8,1,4,73.75,-40.6,410.44,147.2,20,0.6,7,11,20,12,5,8,5,-1,-1,1,1,4,2100,1,EMI 9939B,MRD_x01_y04_z08,MRD_x01_y04_z08,None
212,212,1,0,8,1,5,73.75,-20.3,410.44,147.2,20,0.6,7,11,21,12,6,8,6,-1,-1,1,1,5,2100,1,EMI 9939B,MRD_x01_y05_z08,MRD_x01_y05_z08,None
213,213,1,0,8,1,6,73.75,0,410.44,147.2,20,0.6,7,11,22,12,7,8,7,-1,-1,1,1,6,2100,1,EMI 9939B,MRD_x01_y06_z08,MRD_x01_y06_z08,None
214,214,1,0,8,1,7,73.75,20.3,410.44,147.2,20,0.6,7,11,23,12,8,8,8,-1,-1,1,1,7,2100,1,EMI 9939B,MRD_x01_y07_z08,MRD_x01_y07_z08,None
215,215,1,0,8,1,8,73.75,40.6,410.44,147.2,20,0.6,7,11,24,12,9,8,9,-1,-1,1,1,8,2100,1,EMI 9939B,MRD_x01_y08_z08,MRD_x01_y08_z08,None
216,216,1,0,8,1,9,73.75,60.9,410.44,147.2,20,0.6,7,11,25,12,10,8,10,-1,-1,1,1,9,2100,1,EMI 9939B,MRD_x01_y09_z08,MRD_x01_y09_z08,None
217,217,1,0,8,1,10,73.75,81.2,410.44,147.2,20,0.6,7,11,26,12,11,8,11,-1,-1,1,1,10,2100,1,EMI 9939B,MRD_x01_y10_z08,MRD_x01_y10_z08,None
218,218,1,0,8,1,11,73.75,101.5,410.44,147.2,20,0.6,7,11,27,12,12,8,12,-1,-1,1,1,11,2100,1,EMI 9939B,MRD_x01_y11_z08,MRD_x01_y11_z08,None
219,219,1,0,8,1,12,73.75,121.8,410.44,147.2,20,0.6,7,11,28,12,13,8,13,-1,-1,1,1,12,2100,1,EMI 9939B,MRD_x01_y12_z08,MRD_x01_y12_z08,None
220,220,1,1,9,0,0,-142.1,-65.25,422.55,20,130.2,0.6,8,14,0,13,1,9,1,2,1,2,0,0,-1500,-1,-9999,MRD_x00_y00_z09,MRD_x00_y00_z09,None
221,221,1,1,9,0,1,-121.8,-65.25,422.55,20,130.2,0.6,8,14,1,13,2,9,2,2,3,2,0,1,-1500,-1,-9999,MRD_x01_y00_z09,MRD_x01_y00_z09,None
222,222,1,1,9,0,2,-101.5,-65.25,422.55,20,130.2,0.6,8,14,2,13,3,9,3,2,5,2,0,2,-1500,-1,-9999,MRD_x02_y00_z09,MRD_x02_y00_z09,None
223,223,1,1,9,0,3,-81.2,-65.25,422.55,20,130.2,0.6,8,14,3,13,4,9,4,2,7,2,0,3,-1500,-1,-9999,MRD_x03_y00_z09,MRD_x03_y00_z09,None
224,224,1,1,9,0,4,-60.9,-65.25,422.55,20,130.2,0.6,8,14,4,13,5,9,5,2,9,2,0,4,-1500,-1,-9999,MRD_x04_y00_z09,MRD_x04_y00_z09,None
225,225,1,1,9,0,5,-40.6,-65.25,422.55,20,130.2,0.6,8,14,5,13,6,9,6,2,11,2,0,5,-2000,-1,-9999,MRD_x05_y00_z09,MRD_x05_y00_z09,None
226,226,1,1,9,0,6,-20.3,-65.25,422.55,20,130.2,0.6,8,14,6,13,7,9,7,2,13,2,0,6,-2000,-1,-9999,MRD_x06_y00_z09,MRD_x06_y00_z09,None
227,227,1,1,9,0,7,0,-65.25,422.55,20,130.2,0.6,8,11,31,12,16,9,8,11,1,2,0,7,-2000,-1,-9999,MRD_x07_y00_z09,MRD_x07_y00_z09,Discriminator on rack 8 slot 13 channel 8 has no NIM outputNone
228,228,1,1,9,0,8,20.3,-65.25,422.55,20,130.2,0.6,8,14,8,13,9,9,9,11,2,2,0,8,-2000,-1,-9999,MRD_x08_y00_z09,MRD_x08_y00_z09,None
229,229,1,1,9,0,9,40.6,-65.25,422.55,20,130.2,0.6,8,14,9,13,10,9,10,11,3,2,0,9,-1500,-1,-9999,MRD_x09_y00_z09,MRD_x09_y00_z09,None
230,230,1,1,9,0,10,60.9,-65.25,422.55,20,130.2,0.6,8,14,10,13,11,9,11,11,4,2,0,10,-1500,-1,-9999,MRD_x10_y00_z09,MRD_x10_y00_z09,None
231,231,1,1,9,0,11,81.2,-65.25,422.55,20,130.2,0.6,8,14,11,13,12,9,12,11,5,2,0,11,-1500,-1,-9999,MRD_x11_y00_z09,MRD_x11_y00_z09,None
232,232,1,1,9,0,12,101.5,-65.25,422.55,20,130.2,0.6,8,14,15,13,16,9,13,11,6,2,0,12,-1500,-1,-9999,MRD_x12_y00_z09,MRD_x12_y00_z09,slot 13 on this disc had a very high rate; shifted signal to slot 16None
233,233,1,1,9,0,13,121.8,-65.25,422.55,20,130.2,0.6,8,14,13,13,14,9,14,11,7,2,0,13,-1500,-1,-9999,MRD_x13_y00_z09,MRD_x13_y00_z09,None
234,234,1,1,9,0,14,142.1,-65.25,422.55,20,130.2,0.6,8,14,14,13,15,9,15,11,8,2,0,14,-1500,-1,-9999,MRD_x14_y00_z09,MRD_x14_y00_z09,None
235,235,1,1,9,1,0,-142.1,65.25,422.55,20,130.2,0.6,8,14,16,15,1,10,1,2,2,2,1,0,-1500,-1,-9999,MRD_x00_y01_z09,MRD_x00_y01_z09,None
236,236,1,1,9,1,1,-121.8,65.25,422.55,20,130.2,0.6,8,14,17,15,2,10,2,2,4,2,1,1,-1500,-1,-9999,MRD_x01_y01_z09,MRD_x01_y01_z09,None
237,237,1,1,9,1,2,-101.5,65.25,422.55,20,130.2,0.6,8,14,18,15,3,10,3,2,6,2,1,2,-1300,-1,-9999,MRD_x02_y01_z09,MRD_x02_y01_z09,None
238,238,1,1,9,1,3,-81.2,65.25,422.55,20,130.2,0.6,8,14,19,15,4,10,4,2,8,2,1,3,-1500,-1,-9999,MRD_x03_y01_z09,MRD_x03_y01_z09,None
239,239,1,1,9,1,4,-60.9,65.25,422.55,20,130.2,0.6,8,14,20,15,5,10,5,2,10,2,1,4,-1500,-1,-9999,MRD_x04_y01_z09,MRD_x04_y01_z09,None
240,240,1,1,9,1,5,-40.6,65.25,422.55,20,130.2,0.6,8,14,21,15,6,10,6,2,12,2,1,5,-1500,-1,-9999,MRD_x05_y01_z09,MRD_x05_y01_z09,None
241,241,1,1,9,1,6,-20.3,65.25,422.55,20,130.2,0.6,8,14,22,15,7,10,7,2,14,2,1,6,-1500,-1,-9999,MRD_x06_y01_z09,MRD_x06_y01_z09,None
242,242,1,1,9,1,7,0,65.25,422.55,20,130.2,0.6,8,14,23,15,8,10,8,12,18,2,1,7,-1500,-1,-9999,MRD_x07_y01_z09,MRD_x07_y01_z09,None
243,243,1,1,9,1,8,20.3,65.25,422.55,20,130.2,0.6,8,14,24,15,9,10,9,12,20,2,1,8,-1500,-1,-9999,MRD_x08_y01_z09,MRD_x08_y01_z09,None
244,244,1,1,9,1,9,40.6,65.25,422.55,20,130.2,0.6,8,14,25,15,10,10,10,12,22,2,1,9,-1500,-1,-9999,MRD_x09_y01_z09,MRD_x09_y01_z09,None
245,245,1,1,9,1,10,60.9,65.25,422.55,20,130.2,0.6,8,14,26,15,11,10,11,12,24,2,1,10,-1500,-1,-9999,MRD_x10_y01_z09,MRD_x10_y01_z09,None
246,246,1,1,9,1,11,81.2,65.25,422.55,20,130.2,0.6,8,14,27,15,12,10,12,12,26,2,1,11,-1500,-1,-9999,MRD_x11_y01_z09,MRD_x11_y01_z09,None
247,247,1,1,9,1,12,101.5,65.25,422.55,20,130.2,0.6,8,14,28,15,13,10,13,12,28,2,1,12,-1500,-1,-9999,MRD_x12_y01_z09,MRD_x12_y01_z09,None
248,248,1,1,9,1,13,121.8,65.25,422.55,20,130.2,0.6,8,14,29,15,14,10,14,12,30,2,1,13,-1500,-1,-9999,MRD_x13_y01_z09,MRD_x13_y01_z09,None
249,249,1,1,9,1,14,142.1,65.25,422.55,20,130.2,0.6,8,14,30,15,15,10,15,12,32,2,1,14,-1500,-1,-9999,MRD_x14_y01_z09,MRD_x14_y01_z09,None
250,250,1,0,10,0,0,-73.75,-121.8,434.66,147.2,20,0.6,7,19,0,18,1,9,1,-1,-1,2,2,0,-2100,-1,-9999,MRD_x00_y00_z10,MRD_x00_y00_z10,None
251,251,1,0,10,0,1,-73.75,-101.5,434.66,147.2,20,0.6,7,19,1,18,2,9,2,-1,-1,2,2,1,-1600,-1,-9999,MRD_x00_y01_z10,MRD_x00_y01_z10,None
252,252,1,0,10,0,2,-73.75,-81.2,434.66,147.2,20,0.6,7,19,2,18,3,9,3,-1,-1,2,2,2,-2100,-1,-9999,MRD_x00_y02_z10,MRD_x00_y02_z10,None
253,253,1,0,10,0,3,-73.75,-60.9,434.66,147.2,20,0.6,7,19,3,18,4,9,4,-1,-1,2,2,3,-2100,-1,-9999,MRD_x00_y03_z10,MRD_x00_y03_z10,None
254,254,1,0,10,0,4,-73.75,-40.6,434.66,147.2,20,0.6,7,19,4,18,5,9,5,-1,-1,2,2,4,-2100,-1,-9999,MRD_x00_y04_z10,MRD_x00_y04_z10,None
255,255,1,0,10,0,5,-73.75,-20.3,434.66,147.2,20,0.6,7,19,5,18,6,9,6,-1,-1,2,2,5,-2100,-1,-9999,MRD_x00_y05_z10,MRD_x00_y05_z10,None
256,256,1,0,10,0,6,-73.75,0,434.66,147.2,20,0.6,7,19,6,18,7,9,7,-1,-1,2,2,6,-2100,-1,-9999,MRD_x00_y06_z10,MRD_x00_y06_z10,None
257,257,1,0,10,0,7,-73.75,20.3,434.66,147.2,20,0.6,7,19,7,18,8,9,8,-1,-1,2,2,7,-2100,-1,-9999,MRD_x00_y07_z10,MRD_x00_y07_z10,None
258,258,1,0,10,0,8,-73.75,40.6,434.66,147.2,20,0.6,7,19,8,18,9,9,9,-1,-1,2,2,8,-1900,-1,-9999,MRD_x00_y08_z10,MRD_x00_y08_z10,None
259,259,1,0,10,0,9,-73.75,60.9,434.66,147.2,20,0.6,7,19,9,18,10,9,10,-1,-1,2,2,9,-2100,-1,-9999,MRD_x00_y09_z10,MRD_x00_y09_z10,None
260,260,1,0,10,0,10,-73.75,81.2,434.66,147.2,20,0.6,7,19,10,18,11,9,11,-1,-1,2,2,10,-2100,-1,-9999,MRD_x00_y10_z10,MRD_x00_y10_z10,None
261,261,1,0,10,0,11,-73.75,101.5,434.66,147.2,20,0.6,7,19,11,18,12,9,12,-1,-1,2,2,11,-2100,-1,-9999,MRD_x00_y11_z10,MRD_x00_y11_z10,Crate 2 card 3 ch11 is broken: nothing connectedNone
262,262,1,0,10,0,12,-73.75,121.8,434.66,147.2,20,0.6,7,19,12,18,13,9,13,-1,-1,2,2,12,-2100,-1,-9999,MRD_x00_y12_z10,MRD_x00_y12_z10,None
263,263,1,0,10,1,0,73.75,-121.8,434.66,147.2,20,0.6,7,19,16,20,1,10,1,-1,-1,2,3,0,-2100,-1,-9999,MRD_x01_y00_z10,MRD_x01_y00_z10,None
264,264,1,0,10,1,1,73.75,-101.5,434.66,147.2,20,0.6,7,19,17,20,2,10,2,-1,-1,2,3,1,-1900,-1,-9999,MRD_x01_y01_z10,MRD_x01_y01_z10,None
265,265,1,0,10,1,2,73.75,-81.2,434.66,147.2,20,0.6,7,19,18,20,3,10,3,-1,-1,2,3,2,-1600,-1,-9999,MRD_x01_y02_z10,MRD_x01_y02_z10,None
266,266,1,0,10,1,3,73.75,-60.9,434.66,147.2,20,0.6,7,19,19,20,4,10,4,-1,-1,2,3,3,-1800,-1,-9999,MRD_x01_y03_z10,MRD_x01_y03_z10,None
267,267,1,0,10,1,4,73.75,-40.6,434.66,147.2,20,0.6,7,19,20,20,5,10,5,-1,-1,2,3,4,-1800,-1,-9999,MRD_x01_y04_z10,MRD_x01_y04_z10,None
268,268,1,0,10,1,5,73.75,-20.3,434.66,147.2,20,0.6,7,19,21,20,6,10,6,-1,-1,2,3,5,-2100,-1,-9999,MRD_x01_y05_z10,MRD_x01_y05_z10,None
269,269,1,0,10,1,6,73.75,0,434.66,147.2,20,0.6,7,19,22,20,7,10,7,-1,-1,2,3,6,-2100,-1,-9999,MRD_x01_y06_z10,MRD_x01_y06_z10,None
270,270,1,0,10,1,7,73.75,20.3,434.66,147.2,20,0.6,7,19,23,20,8,10,8,-1,-1,2,3,7,-1600,-1,-9999,MRD_x01_y07_z10,MRD_x01_y07_z10,None
271,271,1,0,10,1,8,73.75,40.6,434.66,147.2,20,0.6,7,19,24,20,9,10,9,-1,-1,2,3,8,-2100,-1,-9999,MRD_x01_y08_z10,MRD_x01_y08_z10,None
272,272,1,0,10,1,9,73.75,60.9,434.66,147.2,20,0.6,7,19,25,20,10,10,10,-1,-1,2,3,9,-2100,-1,-9999,MRD_x01_y09_z10,MRD_x01_y09_z10,None
273,273,1,0,10,1,10,73.75,81.2,434.66,147.2,20,0.6,7,19,26,20,11,10,11,-1,-1,2,3,10,-1600,-1,-9999,MRD_x01_y10_z10,MRD_x01_y10_z10,None
274,274,1,0,10,1,11,73.75,101.5,434.66,147.2,20,0.6,7,19,27,20,12,10,12,-1,-1,2,3,13,-2100,-1,-9999,MRD_x01_y11_z10,MRD_x01_y11_z10,None
275,275,1,0,10,1,12,73.75,121.8,434.66,147.2,20,0.6,7,19,28,20,13,10,13,-1,-1,2,3,13,-2100,-1,-9999,MRD_x01_y12_z10,MRD_x01_y12_z10,None
276,276,1,1,11,0,0,-142.1,-65.25,446.77,20,130.2,0.6,8,17,0,16,1,11,1,1,19,2,4,0,-1500,-1,-9999,MRD_x00_y00_z11,MRD_x00_y00_z11,None
277,277,1,1,11,0,1,-121.8,-65.25,446.77,20,130.2,0.6,8,17,1,16,2,11,2,1,21,2,4,1,-1500,-1,-9999,MRD_x01_y00_z11,MRD_x01_y00_z11,None
278,278,1,1,11,0,2,-101.5,-65.25,446.77,20,130.2,0.6,8,17,2,16,3,11,3,1,23,2,4,2,-1500,-1,-9999,MRD_x02_y00_z11,MRD_x02_y00_z11,None
279,279,1,1,11,0,3,-81.2,-65.25,446.77,20,130.2,0.6,8,17,3,16,4,11,4,1,25,2,4,3,-1300,-1,-9999,MRD_x03_y00_z11,MRD_x03_y00_z11,None
280,280,1,1,11,0,4,-60.9,-65.25,446.77,20,130.2,0.6,8,17,4,16,5,11,5,1,27,2,4,4,-1500,-1,-9999,MRD_x04_y00_z11,MRD_x04_y00_z11,None
281,281,1,1,11,0,5,-40.6,-65.25,446.77,20,130.2,0.6,8,17,5,16,6,11,6,1,29,2,4,5,-1500,-1,-9999,MRD_x05_y00_z11,MRD_x05_y00_z11,None
282,282,1,1,11,0,6,-20.3,-65.25,446.77,20,130.2,0.6,8,17,6,16,7,11,7,1,31,2,4,6,-1500,-1,-9999,MRD_x06_y00_z11,MRD_x06_y00_z11,None
283,283,1,1,11,0,7,0,-65.25,446.77,20,130.2,0.6,8,17,7,16,8,11,8,12,17,2,4,7,-1500,-1,-9999,MRD_x07_y00_z11,MRD_x07_y00_z11,None
284,284,1,1,11,0,8,20.3,-65.25,446.77,20,130.2,0.6,8,17,8,16,9,11,9,12,19,2,4,8,-1500,-1,-9999,MRD_x08_y00_z11,MRD_x08_y00_z11,None
285,285,1,1,11,0,9,40.6,-65.25,446.77,20,130.2,0.6,8,17,9,16,10,11,10,12,21,2,4,9,-1300,-1,-9999,MRD_x09_y00_z11,MRD_x09_y00_z11,None
286,286,1,1,11,0,10,60.9,-65.25,446.77,20,130.2,0.6,8,17,10,16,11,11,11,12,23,2,4,10,-1500,-1,-9999,MRD_x10_y00_z11,MRD_x10_y00_z11,None
287,287,1,1,11,0,11,81.2,-65.25,446.77,20,130.2,0.6,8,17,11,16,12,11,12,12,25,2,4,11,-1500,-1,-9999,MRD_x11_y00_z11,MRD_x11_y00_z11,None
288,288,1,1,11,0,12,101.5,-65.25,446.77,20,130.2,0.6,8,17,12,16,13,11,13,12,27,2,4,12,-1500,-1,-9999,MRD_x12_y00_z11,MRD_x12_y00_z11,None
289,289,1,1,11,0,13,121.8,-65.25,446.77,20,130.2,0.6,8,17,13,16,14,11,14,12,29,2,4,13,-1500,-1,-9999,MRD_x13_y00_z11,MRD_x13_y00_z11,None
290,290,1,1,11,0,14,142.1,-65.25,446.77,20,130.2,0.6,8,17,14,16,15,11,15,12,31,2,4,14,-1500,-1,-9999,MRD_x14_y00_z11,MRD_x14_y00_z11,None
291,291,1,1,11,1,0,-142.1,65.25,446.77,20,130.2,0.6,8,17,16,18,1,12,1,1,20,2,5,0,-1500,-1,-9999,MRD_x00_y01_z11,MRD_x00_y01_z11,None
292,292,1,1,11,1,1,-121.8,65.25,446.77,20,130.2,0.6,8,17,17,18,2,12,2,1,22,2,5,1,-1500,-1,-9999,MRD_x01_y01_z11,MRD_x01_y01_z11,None
293,293,1,1,11,1,2,-101.5,65.25,446.77,20,130.2,0.6,8,17,18,18,3,12,3,1,24,2,5,3,-1500,-1,-9999,MRD_x02_y01_z11,MRD_x02_y01_z11,None
294,294,1,1,11,1,3,-81.2,65.25,446.77,20,130.2,0.6,8,17,19,18,4,12,4,1,26,2,5,4,-1500,-1,-9999,MRD_x03_y01_z11,MRD_x03_y01_z11,None
295,295,1,1,11,1,4,-60.9,65.25,446.77,20,130.2,0.6,8,17,20,18,5,12,5,1,28,2,5,5,-1500,-1,-9999,MRD_x04_y01_z11,MRD_x04_y01_z11,None
296,296,1,1,11,1,5,-40.6,65.25,446.77,20,130.2,0.6,8,17,21,18,6,12,6,1,30,2,5,6,-1500,-1,-9999,MRD_x05_y01_z11,MRD_x05_y01_z11,None
297,297,1,1,11,1,6,-20.3,65.25,446.77,20,130.2,0.6,8,17,22,18,7,12,7,1,32,2,5,7,-1500,-1,-9999,MRD_x06_y01_z11,MRD_x06_y01_z11,None
298,298,1,1,11,1,7,0,65.25,446.77,20,130.2,0.6,8,17,23,18,8,12,8,10,1,2,5,8,-1500,-1,-9999,MRD_x07_y01_z11,MRD_x07_y01_z11,None
299,299,1,1,11,1,8,20.3,65.25,446.77,20,130.2,0.6,8,17,24,18,9,12,9,10,2,2,5,9,-1500,-1,-9999,MRD_x08_y01_z11,MRD_x08_y01_z11,None
300,300,1,1,11,1,9,40.6,65.25,446.77,20,130.2,0.6,8,17,25,18,10,12,10,10,3,2,5,10,-1300,-1,-9999,MRD_x09_y01_z11,MRD_x09_y01_z11,None
301,301,1,1,11,1,10,60.9,65.25,446.77,20,130.2,0.6,8,17,26,18,11,12,11,10,4,2,5,11,-1300,-1,-9999,MRD_x10_y01_z11,MRD_x10_y01_z11,None
302,302,1,1,11,1,11,81.2,65.25,446.77,20,130.2,0.6,8,17,27,18,12,12,12,10,5,2,5,12,-1300,-1,-9999,MRD_x11_y01_z11,MRD_x11_y01_z11,None
303,303,1,1,11,1,12,101.5,65.25,446.77,20,130.2,0.6,8,17,28,18,13,12,13,10,6,2,5,13,-1300,-1,-9999,MRD_x12_y01_z11,MRD_x12_y01_z11,None
304,304,1,1,11,1,13,121.8,65.25,446.77,20,130.2,0.6,8,17,29,18,14,12,14,10,7,2,5,14,-1500,-1,-9999,MRD_x13_y01_z11,MRD_x13_y01_z11,None
305,305,1,1,11,1,14,142.1,65.25,446.77,20,130.2,0.6,8,17,30,18,15,12,15,10,8,2,5,14,-1500,-1,-9999,MRD_x14_y01_z11,MRD_x14_y01_z11,None
306,306,1,0,12,0,0,-73.75,-121.8,458.88,147.2,20,0.6,7,22,0,21,1,11,1,-1,-1,2,6,0,-2100,-1,-9999,MRD_x00_y00_z12,MRD_x00_y00_z12,None
307,307,1,0,12,0,1,-73.75,-101.5,458.88,147.2,20,0.6,7,22,1,21,2,11,2,-1,-1,2,6,1,-2100,-1,-9999,MRD_x00_y01_z12,MRD_x00_y01_z12,None
308,308,1,0,12,0,2,-73.75,-81.2,458.88,147.2,20,0.6,7,22,2,21,3,11,3,-1,-1,2,6,2,-2100,-1,-9999,MRD_x00_y02_z12,MRD_x00_y02_z12,None
309,309,1,0,12,0,3,-73.75,-60.9,458.88,147.2,20,0.6,7,22,3,21,4,11,4,-1,-1,2,6,3,-2100,-1,-9999,MRD_x00_y03_z12,MRD_x00_y03_z12,None
310,310,1,0,12,0,4,-73.75,-40.6,458.88,147.2,20,0.6,7,22,4,21,5,11,5,-1,-1,2,6,4,-1900,-1,-9999,MRD_x00_y04_z12,MRD_x00_y04_z12,None
311,311,1,0,12,0,5,-73.75,-20.3,458.88,147.2,20,0.6,7,22,5,21,6,11,6,-1,-1,2,6,5,-2100,-1,-9999,MRD_x00_y05_z12,MRD_x00_y05_z12,None
312,312,1,0,12,0,6,-73.75,0,458.88,147.2,20,0.6,7,22,6,21,7,11,7,-1,-1,2,6,6,-1900,-1,-9999,MRD_x00_y06_z12,MRD_x00_y06_z12,None
313,313,1,0,12,0,7,-73.75,20.3,458.88,147.2,20,0.6,7,22,7,21,8,11,8,-1,-1,2,6,7,-2100,-1,-9999,MRD_x00_y07_z12,MRD_x00_y07_z12,None
314,314,1,0,12,0,8,-73.75,40.6,458.88,147.2,20,0.6,7,22,8,21,9,11,9,-1,-1,2,6,8,-2100,-1,-9999,MRD_x00_y08_z12,MRD_x00_y08_z12,None
315,315,1,0,12,0,9,-73.75,60.9,458.88,147.2,20,0.6,7,22,9,21,10,11,10,-1,-1,2,6,9,-2100,-1,-9999,MRD_x00_y09_z12,MRD_x00_y09_z12,None
316,316,1,0,12,0,10,-73.75,81.2,458.88,147.2,20,0.6,7,22,10,21,11,11,11,-1,-1,2,6,10,-2100,-1,-9999,MRD_x00_y10_z12,MRD_x00_y10_z12,None
317,317,1,0,12,0,11,-73.75,101.5,458.88,147.2,20,0.6,7,22,11,21,12,11,12,-1,-1,2,6,11,-2100,-1,-9999,MRD_x00_y11_z12,MRD_x00_y11_z12,None
318,318,1,0,12,0,12,-73.75,121.8,458.88,147.2,20,0.6,7,22,12,21,13,11,13,-1,-1,2,6,12,-2100,-1,-9999,MRD_x00_y12_z12,MRD_x00_y12_z12,None
319,319,1,0,12,1,0,73.75,-121.8,458.88,147.2,20,0.6,7,22,16,23,1,12,1,-1,-1,2,7,0,-2100,-1,-9999,MRD_x01_y00_z12,MRD_x01_y00_z12,None
320,320,1,0,12,1,1,73.75,-101.5,458.88,147.2,20,0.6,7,22,17,23,2,12,2,-1,-1,2,7,1,-2100,-1,-9999,MRD_x01_y01_z12,MRD_x01_y01_z12,None
321,321,1,0,12,1,2,73.75,-81.2,458.88,147.2,20,0.6,7,22,18,23,3,12,3,-1,-1,2,7,2,-2100,-1,-9999,MRD_x01_y02_z12,MRD_x01_y02_z12,None
322,322,1,0,12,1,3,73.75,-60.9,458.88,147.2,20,0.6,7,22,19,23,4,12,4,-1,-1,2,7,3,-2100,-1,-9999,MRD_x01_y03_z12,MRD_x01_y03_z12,None
323,323,1,0,12,1,4,73.75,-40.6,458.88,147.2,20,0.6,7,22,20,23,5,12,5,-1,-1,2,7,4,-2100,-1,-9999,MRD_x01_y04_z12,MRD_x01_y04_z12,None
324,324,1,0,12,1,5,73.75,-20.3,458.88,147.2,20,0.6,7,22,21,23,6,12,6,-1,-1,2,7,5,-2100,-1,-9999,MRD_x01_y05_z12,MRD_x01_y05_z12,None
325,325,1,0,12,1,6,73.75,0,458.88,147.2,20,0.6,7,22,22,23,7,12,7,-1,-1,2,7,6,-2100,-1,-9999,MRD_x01_y06_z12,MRD_x01_y06_z12,None
326,326,1,0,12,1,7,73.75,20.3,458.88,147.2,20,0.6,7,22,23,23,8,12,8,-1,-1,2,7,7,-2100,-1,-9999,MRD_x01_y07_z12,MRD_x01_y07_z12,None
327,327,1,0,12,1,8,73.75,40.6,458.88,147.2,20,0.6,7,22,24,23,9,12,9,-1,-1,2,7,8,-2100,-1,-9999,MRD_x01_y08_z12,MRD_x01_y08_z12,None
328,328,1,0,12,1,9,73.75,60.9,458.88,147.2,20,0.6,7,22,25,23,10,12,10,-1,-1,2,7,9,-2100,-1,-9999,MRD_x01_y09_z12,MRD_x01_y09_z12,None
329,329,1,0,12,1,10,73.75,81.2,458.88,147.2,20,0.6,7,22,26,23,11,12,11,-1,-1,2,7,10,-2100,-1,-9999,MRD_x01_y10_z12,MRD_x01_y10_z12,None
330,330,1,0,12,1,11,73.75,101.5,458.88,147.2,20,0.6,7,22,27,23,12,12,12,-1,-1,2,7,11,-2100,-1,-9999,MRD_x01_y11_z12,MRD_x01_y11_z12,None
331,331,1,0,12,1,12,73.75,121.8,458.88,147.2,20,0.6,7,22,28,23,13,12,13,-1,-1,2,7,12,-2100,-1,-9999,MRD_x01_y12_z12,MRD_x01_y12_z12,None
DATA_END,,,,,,,,,,,,,,,,,,,,,,,,,,,,,,
